{
  "height": 326.58436213991769,
  "id": 2284318355,
  "width": 598.77777777777771,
  "x": 654.22222222222229,
  "y": 384.5267489711934,
  "z": 3000
}