{
  "height": 375.04526748971193,
  "id": 2284318352,
  "width": 617.3497942386831,
  "x": 9.481481481481481,
  "y": 0,
  "z": 0
}