{
  "height": 326.58436213991769,
  "id": 2284318353,
  "width": 644.74074074074076,
  "x": 9.481481481481481,
  "y": 384.5267489711934,
  "z": 1000
}