{
  "height": 299.57446808510639,
  "width": 299.57446808510639,
  "x": 914.28571428571433,
  "y": 411.42857142857144,
  "z": 4000
}